{"commandline":"ffuf -u http://localhost:3000/rest/basket?productId=FUZZ -w ./outputs/_mini_wordlist.txt -t 20 -of json -o ./outputs/ffuf_param.json -mc all","time":"2025-11-08T20:45:14-05:00","results":[{"input":{"FFUFHASH":"578394","FUZZ":"uploads"},"position":4,"status":401,"length":972,"words":150,"lines":50,"content-type":"text/html; charset=utf-8","redirectlocation":"","scraper":{},"duration":5751462,"resultfile":"","url":"http://localhost:3000/rest/basket?productId=uploads","host":"localhost:3000"},{"input":{"FFUFHASH":"578395","FUZZ":"api"},"position":5,"status":401,"length":972,"words":150,"lines":50,"content-type":"text/html; charset=utf-8","redirectlocation":"","scraper":{},"duration":6233798,"resultfile":"","url":"http://localhost:3000/rest/basket?productId=api","host":"localhost:3000"},{"input":{"FFUFHASH":"578392","FUZZ":"config"},"position":2,"status":401,"length":972,"words":150,"lines":50,"content-type":"text/html; charset=utf-8","redirectlocation":"","scraper":{},"duration":6621859,"resultfile":"","url":"http://localhost:3000/rest/basket?productId=config","host":"localhost:3000"},{"input":{"FFUFHASH":"578393","FUZZ":"login"},"position":3,"status":401,"length":972,"words":150,"lines":50,"content-type":"text/html; charset=utf-8","redirectlocation":"","scraper":{},"duration":7087343,"resultfile":"","url":"http://localhost:3000/rest/basket?productId=login","host":"localhost:3000"},{"input":{"FFUFHASH":"578391","FUZZ":"admin"},"position":1,"status":401,"length":972,"words":150,"lines":50,"content-type":"text/html; charset=utf-8","redirectlocation":"","scraper":{},"duration":7472269,"resultfile":"","url":"http://localhost:3000/rest/basket?productId=admin","host":"localhost:3000"},{"input":{"FFUFHASH":"578396","FUZZ":"static"},"position":6,"status":401,"length":972,"words":150,"lines":50,"content-type":"text/html; charset=utf-8","redirectlocation":"","scraper":{},"duration":7698348,"resultfile":"","url":"http://localhost:3000/rest/basket?productId=static","host":"localhost:3000"}],"config":{"autocalibration":false,"autocalibration_keyword":"FUZZ","autocalibration_perhost":false,"autocalibration_strategies":["basic"],"autocalibration_strings":[],"colors":false,"cmdline":"ffuf -u http://localhost:3000/rest/basket?productId=FUZZ -w ./outputs/_mini_wordlist.txt -t 20 -of json -o ./outputs/ffuf_param.json -mc all","configfile":"","postdata":"","debuglog":"","delay":{"value":"0.00"},"dirsearch_compatibility":false,"encoders":[],"extensions":[],"fmode":"or","follow_redirects":false,"headers":{},"ignorebody":false,"ignore_wordlist_comments":false,"inputmode":"clusterbomb","cmd_inputnum":100,"inputproviders":[{"name":"wordlist","keyword":"FUZZ","value":"/home/isa_of_el/cyber_ai_demo/outputs/_mini_wordlist.txt","encoders":"","template":""}],"inputshell":"","json":false,"matchers":{"IsCalibrated":false,"Mutex":{},"Matchers":{"status":{"value":"all"}},"Filters":{},"PerDomainFilters":{}},"mmode":"or","maxtime":0,"maxtime_job":0,"method":"GET","noninteractive":false,"outputdirectory":"","outputfile":"./outputs/ffuf_param.json","outputformat":"json","OutputSkipEmptyFile":false,"proxyurl":"","quiet":false,"rate":0,"raw":false,"recursion":false,"recursion_depth":0,"recursion_strategy":"default","replayproxyurl":"","requestfile":"","requestproto":"https","scraperfile":"","scrapers":"all","sni":"","stop_403":false,"stop_all":false,"stop_errors":false,"threads":20,"timeout":10,"url":"http://localhost:3000/rest/basket?productId=FUZZ","verbose":false,"wordlists":["/home/isa_of_el/cyber_ai_demo/outputs/_mini_wordlist.txt"],"http2":false,"client-cert":"","client-key":""}}