{"commandline":"ffuf -u http://localhost:3000/FUZZ -w ./outputs/_mini_wordlist.txt -t 25 -mc 200,301,302,403 -of json -o ./outputs/ffuf_dirs.json","time":"2025-11-08T20:45:14-05:00","results":[{"input":{"FFUFHASH":"eb4d66","FUZZ":"static"},"position":6,"status":200,"length":75002,"words":3681,"lines":34,"content-type":"text/html; charset=UTF-8","redirectlocation":"","scraper":{},"duration":19116226,"resultfile":"","url":"http://localhost:3000/static","host":"localhost:3000"},{"input":{"FFUFHASH":"eb4d62","FUZZ":"config"},"position":2,"status":200,"length":75002,"words":3681,"lines":34,"content-type":"text/html; charset=UTF-8","redirectlocation":"","scraper":{},"duration":19218005,"resultfile":"","url":"http://localhost:3000/config","host":"localhost:3000"},{"input":{"FFUFHASH":"eb4d64","FUZZ":"uploads"},"position":4,"status":200,"length":75002,"words":3681,"lines":34,"content-type":"text/html; charset=UTF-8","redirectlocation":"","scraper":{},"duration":20562182,"resultfile":"","url":"http://localhost:3000/uploads","host":"localhost:3000"},{"input":{"FFUFHASH":"eb4d63","FUZZ":"login"},"position":3,"status":200,"length":75002,"words":3681,"lines":34,"content-type":"text/html; charset=UTF-8","redirectlocation":"","scraper":{},"duration":20714975,"resultfile":"","url":"http://localhost:3000/login","host":"localhost:3000"},{"input":{"FFUFHASH":"eb4d61","FUZZ":"admin"},"position":1,"status":200,"length":75002,"words":3681,"lines":34,"content-type":"text/html; charset=UTF-8","redirectlocation":"","scraper":{},"duration":20721618,"resultfile":"","url":"http://localhost:3000/admin","host":"localhost:3000"}],"config":{"autocalibration":false,"autocalibration_keyword":"FUZZ","autocalibration_perhost":false,"autocalibration_strategies":["basic"],"autocalibration_strings":[],"colors":false,"cmdline":"ffuf -u http://localhost:3000/FUZZ -w ./outputs/_mini_wordlist.txt -t 25 -mc 200,301,302,403 -of json -o ./outputs/ffuf_dirs.json","configfile":"","postdata":"","debuglog":"","delay":{"value":"0.00"},"dirsearch_compatibility":false,"encoders":[],"extensions":[],"fmode":"or","follow_redirects":false,"headers":{},"ignorebody":false,"ignore_wordlist_comments":false,"inputmode":"clusterbomb","cmd_inputnum":100,"inputproviders":[{"name":"wordlist","keyword":"FUZZ","value":"/home/isa_of_el/cyber_ai_demo/outputs/_mini_wordlist.txt","encoders":"","template":""}],"inputshell":"","json":false,"matchers":{"IsCalibrated":false,"Mutex":{},"Matchers":{"status":{"value":"200,301,302,403"}},"Filters":{},"PerDomainFilters":{}},"mmode":"or","maxtime":0,"maxtime_job":0,"method":"GET","noninteractive":false,"outputdirectory":"","outputfile":"./outputs/ffuf_dirs.json","outputformat":"json","OutputSkipEmptyFile":false,"proxyurl":"","quiet":false,"rate":0,"raw":false,"recursion":false,"recursion_depth":0,"recursion_strategy":"default","replayproxyurl":"","requestfile":"","requestproto":"https","scraperfile":"","scrapers":"all","sni":"","stop_403":false,"stop_all":false,"stop_errors":false,"threads":25,"timeout":10,"url":"http://localhost:3000/FUZZ","verbose":false,"wordlists":["/home/isa_of_el/cyber_ai_demo/outputs/_mini_wordlist.txt"],"http2":false,"client-cert":"","client-key":""}}