[
{"target":"http://localhost:3000","http_status":200,"request_config":{"headers":{"User-Agent":"WhatWeb/0.5.5"}},"plugins":{"HTML5":{},"IP":{"string":["::1"]},"JQuery":{"version":["2.2.4"]},"Script":{"string":["module"]},"Title":{"string":["OWASP Juice Shop"]},"UncommonHeaders":{"string":["access-control-allow-origin,x-content-type-options,feature-policy,x-recruiting"]},"X-Frame-Options":{"string":["SAMEORIGIN"]}}}
]
[
{"target":"http://localhost:3000","http_status":200,"request_config":{"headers":{"User-Agent":"WhatWeb/0.5.5"}},"plugins":{"HTML5":{},"IP":{"string":["::1"]},"JQuery":{"version":["2.2.4"]},"Script":{"string":["module"]},"Title":{"string":["OWASP Juice Shop"]},"UncommonHeaders":{"string":["access-control-allow-origin,x-content-type-options,feature-policy,x-recruiting"]},"X-Frame-Options":{"string":["SAMEORIGIN"]}}}
]
[
{"target":"http://localhost:3000","http_status":200,"request_config":{"headers":{"User-Agent":"WhatWeb/0.5.5"}},"plugins":{"HTML5":{},"IP":{"string":["::1"]},"JQuery":{"version":["2.2.4"]},"Script":{"string":["module"]},"Title":{"string":["OWASP Juice Shop"]},"UncommonHeaders":{"string":["access-control-allow-origin,x-content-type-options,feature-policy,x-recruiting"]},"X-Frame-Options":{"string":["SAMEORIGIN"]}}}
]
